"","p1","c1","c2","c3","c4","c5","c6"
"1","ID_1","ID_8","ID_41","ID_63","ID_49","ID_79","ID_50"
"2","ID_2","ID_72","ID_5","ID_21","ID_70","ID_19","ID_64"
"3","ID_3","ID_16","ID_120","ID_110","ID_114","ID_66","0_ID_NA"
"4","ID_4","ID_133","ID_76","ID_47","ID_117","ID_13","ID_56"
"5","ID_5","ID_113","ID_74","ID_104","ID_19","ID_125","0_ID_NA"
"6","ID_6","ID_46","ID_149","ID_145","ID_126","ID_38","ID_43"
"7","ID_7","ID_43","ID_46","ID_126","ID_149","ID_40","ID_14"
"8","ID_8","ID_1","ID_41","ID_63","ID_77","ID_79","ID_59"
"9","ID_9","ID_116","ID_118","ID_112","ID_93","ID_98","ID_124"
"10","ID_10","ID_61","ID_35","ID_47","ID_34","ID_36","ID_117"
"11","ID_11","ID_21","ID_104","ID_2","ID_125","ID_72","ID_55"
"12","ID_12","ID_95","ID_100","ID_42","ID_38","ID_43","ID_69"
"13","ID_13","ID_119","ID_138","ID_18","ID_122","ID_121","0_ID_NA"
"14","ID_14","ID_22","ID_128","ID_142","ID_39","ID_7","ID_40"
"15","ID_15","ID_17","ID_20","ID_27","ID_31","ID_35","ID_127"
"16","ID_16","ID_120","ID_3","ID_66","ID_114","ID_110","0_ID_NA"
"17","ID_17","ID_20","ID_127","ID_31","ID_35","ID_27","ID_15"
"18","ID_18","ID_122","ID_121","ID_119","ID_13","ID_31","ID_138"
"19","ID_19","ID_78","ID_70","ID_64","ID_54","ID_2","ID_55"
"20","ID_20","ID_27","ID_31","ID_15","ID_127","ID_17","ID_148"
"21","ID_21","ID_11","ID_104","ID_19","ID_72","ID_2","ID_80"
"22","ID_22","ID_142","ID_96","ID_128","ID_32","ID_23","ID_14"
"23","ID_4","ID_86","ID_31","ID_81","ID_30","ID_20","ID_77"
"24","ID_23","ID_32","ID_142","ID_24","ID_95","ID_25","ID_93"
"25","ID_24","ID_23","ID_32","ID_145","ID_132","ID_87","ID_25"
"26","ID_25","ID_32","ID_95","ID_142","ID_87","ID_23","ID_88"
"27","ID_26","ID_85","ID_92","ID_86","ID_37","ID_81","ID_123"
"28","ID_27","ID_20","ID_31","ID_127","ID_15","ID_17","ID_35"
"29","ID_28","0_ID_NA","ID_58","ID_76","ID_52","ID_36","ID_150"
"30","0_ID_NA","ID_135","ID_123","ID_118","ID_124","ID_102","ID_93"
"31","ID_30","ID_35","ID_27","ID_17","ID_15","ID_33","ID_10"
"32","0_ID_NA","ID_39","ID_73","ID_88","ID_87","ID_14","ID_22"
"33","ID_31","ID_20","ID_127","ID_17","ID_35","ID_27","ID_15"
"34","ID_32","ID_35","ID_127","ID_31","ID_17","ID_63","ID_34"
"35","ID_33","ID_36","ID_117","ID_44","ID_140","ID_61","ID_10"
"36","ID_34","ID_103","ID_33","ID_84","ID_97","ID_10","ID_68"
"37","ID_35","ID_28","ID_34","ID_31","ID_103","ID_17","ID_86"
"38","ID_36","ID_33","ID_76","ID_52","ID_150","ID_89","ID_117"
"39","ID_37","ID_140","ID_49","ID_44","ID_50","ID_59","ID_76"
"40","ID_38","ID_43","ID_46","ID_40","ID_7","ID_6","ID_12"
"41","ID_39","ID_128","ID_73","ID_88","ID_42","ID_87","ID_100"
"42","ID_40","ID_43","ID_126","ID_149","ID_6","ID_7","ID_46"
"43","ID_41","ID_8","ID_63","ID_1","ID_79","ID_59","ID_82"
"44","0_ID_NA","ID_43","ID_7","ID_40","ID_6","ID_46","ID_126"
"45","ID_42","ID_100","ID_78","ID_67","ID_19","ID_66","ID_54"
"46","ID_43","ID_126","ID_7","ID_149","ID_46","ID_40","ID_6"
"47","ID_44","ID_58","ID_52","ID_28","ID_150","ID_76","ID_56"
"48","ID_45","ID_114","ID_115","ID_51","ID_99","0_ID_NA","0_ID_NA"
"49","ID_46","ID_6","ID_40","ID_43","ID_7","ID_145","ID_149"
"50","ID_47","ID_56","ID_53","ID_52","0_ID_NA","ID_4","ID_44"
"51","ID_48","ID_83","ID_123","ID_109","ID_145","ID_93","ID_102"
"52","ID_49","ID_59","ID_140","ID_151","ID_76","ID_50","ID_44"
"53","ID_50","ID_44","ID_49","ID_140","ID_59","ID_151","ID_1"
"54","0_ID_NA","ID_4","ID_50","ID_59","ID_151","ID_44","ID_109"
"55","ID_51","ID_99","ID_45","ID_114","ID_129","ID_40","ID_16"
"56","ID_52","ID_36","ID_141","ID_117","ID_58","ID_53","ID_140"
"57","ID_53","ID_36","ID_140","ID_52","ID_43","ID_117","ID_48"
"58","ID_54","ID_78","ID_55","ID_66","ID_70","ID_42","ID_19"
"59","ID_55","ID_78","ID_54","ID_19","ID_70","ID_42","ID_64"
"60","ID_56","ID_47","ID_53","ID_146","ID_50","ID_52","0_ID_NA"
"61","ID_57","ID_95","ID_114","ID_69","ID_101","ID_108","ID_93"
"62","ID_58","ID_44","ID_52","ID_140","ID_137","ID_150","ID_84"
"63","ID_59","ID_49","ID_44","ID_151","ID_79","ID_140","ID_41"
"64","ID_60","ID_102","ID_57","ID_93","ID_95","ID_101","ID_124"
"65","ID_61","ID_10","ID_97","ID_34","ID_68","ID_47","ID_33"
"66","ID_62","ID_105","ID_103","ID_94","ID_68","ID_97","ID_61"
"67","ID_63","ID_79","ID_41","ID_8","ID_39","ID_1","ID_128"
"68","ID_64","ID_80","ID_70","ID_19","ID_78","ID_2","ID_55"
"69","ID_65","ID_90","ID_143","ID_131","ID_54","ID_55","ID_64"
"70","ID_66","ID_3","ID_16","ID_120","ID_67","ID_110","ID_42"
"71","ID_67","ID_100","ID_93","ID_42","ID_24","ID_66","ID_142"
"72","ID_68","ID_97","ID_62","ID_34","ID_105","ID_103","ID_61"
"73","ID_69","ID_95","ID_137","ID_7","ID_150","ID_58","ID_12"
"74","ID_70","ID_19","ID_64","ID_80","ID_2","ID_5","ID_100"
"75","ID_71","0_ID_NA","0_ID_NA","0_ID_NA","0_ID_NA","0_ID_NA","0_ID_NA"
"76","ID_72","ID_2","ID_21","ID_19","ID_80","ID_104","ID_78"
"77","ID_73","ID_39","ID_88","ID_96","ID_69","ID_128","ID_87"
"78","0_ID_NA","ID_58","ID_84","ID_76","ID_89","ID_140","ID_36"
"79","ID_74","ID_125","ID_5","ID_104","ID_123","ID_96","ID_57"
"80","ID_75","ID_107","ID_105","ID_19","ID_80","ID_115","ID_5"
"81","ID_76","ID_140","ID_52","ID_44","ID_58","ID_36","ID_150"
"82","ID_77","ID_8","ID_82","ID_76","ID_42","ID_59","ID_1"
"83","ID_78","ID_54","ID_55","ID_70","ID_100","ID_19","ID_42"
"84","ID_79","ID_41","ID_1","ID_63","ID_59","ID_8","ID_140"
"85","ID_80","ID_64","ID_2","ID_19","ID_78","ID_70","ID_130"
"86","ID_81","ID_26","ID_86","ID_85","ID_37","ID_92","ID_148"
"87","ID_82","ID_59","ID_41","ID_56","ID_44","ID_49","ID_79"
"88","ID_83","ID_48","ID_84","ID_111","ID_143","ID_131","ID_145"
"89","ID_84","ID_88","ID_130","ID_90","ID_83","ID_87","ID_145"
"90","ID_85","ID_26","ID_37","ID_86","ID_81","ID_92","ID_89"
"91","ID_86","ID_85","ID_84","ID_26","ID_37","ID_92","ID_81"
"92","ID_37","ID_92","ID_86","ID_85","ID_26","ID_81","ID_89"
"93","ID_32","ID_142","ID_23","ID_145","ID_25","ID_24","ID_109"
"94","ID_87","ID_88","ID_101","ID_24","ID_73","ID_124","ID_102"
"95","ID_88","ID_84","ID_39","ID_87","ID_73","ID_126","ID_128"
"96","ID_89","ID_76","ID_141","ID_36","ID_137","ID_84","ID_58"
"97","ID_90","ID_143","ID_60","ID_131","ID_104","ID_65","ID_71"
"98","ID_91","ID_111","ID_145","ID_43","ID_115","ID_130","ID_109"
"99","ID_92","ID_86","ID_81","ID_26","ID_37","ID_85","ID_50"
"100","ID_93","ID_96","ID_57","ID_60","ID_123","ID_102","ID_142"
"101","ID_94","ID_105","ID_20","ID_15","ID_97","ID_62","ID_17"
"102","ID_95","ID_69","ID_43","ID_57","ID_7","ID_142","ID_106"
"103","ID_96","ID_73","ID_142","ID_93","ID_74","ID_22","ID_123"
"104","ID_97","ID_68","ID_61","ID_103","ID_31","ID_34","ID_148"
"105","ID_98","ID_116","ID_9","ID_134","ID_118","ID_112","ID_129"
"106","ID_99","ID_51","ID_45","ID_114","ID_9","ID_129","ID_23"
"107","ID_100","ID_42","ID_66","ID_78","ID_19","ID_67","ID_39"
"108","ID_101","ID_124","ID_108","ID_102","ID_93","ID_87","ID_123"
"109","ID_102","ID_101","ID_60","ID_93","ID_124","ID_87","ID_118"
"110","ID_103","ID_34","ID_97","ID_68","ID_62","ID_105","ID_10"
"111","ID_104","ID_125","ID_113","ID_5","ID_106","ID_93","ID_21"
"112","ID_105","ID_103","ID_62","ID_94","ID_68","ID_97","ID_20"
"113","ID_106","ID_135","ID_7","ID_123","ID_104","ID_93","ID_95"
"114","ID_107","ID_75","ID_55","ID_19","ID_123","ID_104","ID_54"
"115","ID_108","ID_124","ID_101","ID_57","ID_102","ID_123","ID_118"
"116","0_ID_NA","0_ID_NA","0_ID_NA","0_ID_NA","0_ID_NA","0_ID_NA","0_ID_NA"
"117","ID_109","ID_111","ID_32","ID_123","ID_83","ID_48","ID_133"
"118","ID_110","ID_120","ID_3","ID_16","ID_43","ID_66","0_ID_NA"
"119","ID_111","ID_109","ID_48","ID_32","ID_83","ID_149","ID_38"
"120","0_ID_NA","ID_104","ID_102","ID_113","ID_125","ID_106","ID_98"
"121","ID_112","ID_116","ID_134","ID_98","ID_120","ID_139","ID_9"
"122","ID_113","ID_125","ID_104","ID_5","ID_116","ID_91","ID_98"
"123","ID_114","ID_115","ID_51","ID_129","ID_52","ID_99","ID_126"
"124","ID_115","ID_114","ID_99","ID_129","ID_51","ID_150","ID_112"
"125","ID_116","ID_112","ID_113","ID_9","ID_134","ID_98","ID_124"
"126","ID_117","ID_52","ID_140","ID_36","ID_44","ID_53","ID_141"
"127","ID_118","ID_102","ID_124","ID_98","ID_24","ID_9","ID_116"
"128","ID_119","ID_13","ID_94","ID_121","ID_20","ID_31","ID_18"
"129","ID_120","ID_3","ID_16","ID_66","ID_100","ID_110","ID_112"
"130","ID_121","ID_119","ID_122","ID_18","ID_13","0_ID_NA","0_ID_NA"
"131","ID_122","ID_18","ID_121","ID_139","ID_112","ID_119","ID_13"
"132","0_ID_NA","ID_95","ID_69","ID_83","ID_111","ID_12","ID_108"
"133","ID_123","ID_93","ID_6","ID_48","ID_45","ID_101","ID_95"
"134","ID_124","ID_24","ID_116","ID_108","ID_118","ID_101","ID_93"
"135","ID_125","ID_104","ID_113","ID_5","ID_21","ID_93","ID_106"
"136","ID_17","ID_20","ID_31","ID_27","ID_127","ID_35","ID_15"
"137","ID_12","ID_12","ID_6","ID_69","ID_22","ID_38","ID_83"
"138","ID_38","ID_12","ID_149","ID_40","ID_7","ID_46","ID_126"
"139","ID_46","ID_149","ID_38","ID_7","ID_126","ID_43","ID_40"
"140","ID_7","ID_40","ID_46","ID_126","ID_149","ID_43","ID_14"
"141","0_ID_NA","ID_43","ID_40","ID_48","ID_7","ID_46","ID_38"
"142","ID_126","ID_40","ID_149","ID_7","ID_38","ID_43","ID_46"
"143","ID_40","ID_7","ID_149","ID_126","ID_38","ID_43","ID_46"
"144","ID_22","ID_142","ID_14","ID_96","ID_128","ID_12","ID_6"
"145","ID_6","ID_12","ID_38","ID_7","ID_126","ID_149","ID_145"
"146","ID_35","ID_34","ID_17","ID_20","ID_127","ID_31","ID_15"
"147","ID_34","ID_103","ID_97","ID_35","ID_68","ID_36","ID_10"
"148","ID_27","ID_31","ID_17","ID_20","ID_15","ID_86","ID_127"
"149","ID_15","ID_17","ID_20","ID_27","ID_31","ID_35","ID_127"
"150","ID_31","ID_20","ID_27","ID_127","ID_17","ID_15","ID_35"
"151","ID_127","ID_17","ID_33","ID_35","ID_15","ID_27","ID_31"
"152","ID_10","ID_33","ID_47","ID_61","ID_36","ID_35","ID_34"
"153","0_ID_NA","ID_36","ID_61","ID_117","ID_140","ID_44","ID_34"
"154","ID_36","ID_52","ID_76","ID_89","ID_84","ID_141","ID_34"
"155","ID_39","ID_128","ID_73","ID_88","ID_42","ID_100","ID_87"
"156","ID_11","ID_21","ID_104","ID_65","ID_125","ID_69","ID_2"
"157","ID_5","ID_113","ID_19","ID_125","ID_2","ID_104","ID_21"
"158","ID_72","ID_2","ID_19","ID_80","ID_21","ID_131","ID_64"
"159","ID_71","ID_21","ID_31","ID_11","ID_90","0_ID_NA","0_ID_NA"
"160","ID_2","ID_19","ID_64","ID_72","ID_5","ID_21","ID_80"
"161","ID_20","ID_31","ID_17","ID_15","ID_27","ID_127","0_ID_NA"
"162","ID_128","ID_39","ID_87","ID_73","ID_14","ID_88","ID_100"
"163","ID_129","ID_51","ID_99","ID_45","ID_115","ID_98","ID_114"
"164","0_ID_NA","ID_140","ID_76","ID_49","ID_59","ID_44","ID_58"
"165","ID_67","ID_93","ID_23","ID_96","ID_100","ID_142","ID_42"
"166","ID_50","ID_44","ID_151","ID_1","ID_133","ID_140","ID_59"
"167","ID_66","ID_3","ID_120","ID_110","ID_67","ID_16","ID_42"
"168","ID_76","ID_44","ID_140","ID_141","ID_52","ID_28","ID_137"
"169","ID_59","ID_49","ID_44","ID_140","ID_79","ID_151","ID_63"
"170","ID_8","ID_1","ID_63","ID_79","ID_41","ID_77","ID_59"
"171","ID_1","ID_8","ID_63","ID_79","ID_41","ID_49","ID_50"
"172","ID_49","ID_140","ID_59","ID_151","ID_36","ID_76","ID_44"
"173","ID_65","ID_90","ID_42","ID_131","ID_100","ID_143","0_ID_NA"
"174","ID_63","ID_79","ID_28","ID_1","ID_39","ID_8","ID_128"
"175","ID_41","ID_1","ID_8","ID_50","ID_140","ID_63","ID_82"
"176","ID_64","ID_2","ID_19","ID_80","ID_70","ID_72","ID_78"
"177","0_ID_NA","0_ID_NA","0_ID_NA","0_ID_NA","0_ID_NA","0_ID_NA","0_ID_NA"
"178","ID_82","ID_41","ID_59","ID_76","ID_77","ID_8","ID_49"
"179","ID_28","ID_49","ID_44","ID_76","ID_58","ID_151","ID_36"
"180","ID_51","ID_40","ID_7","ID_16","0_ID_NA","ID_145","0_ID_NA"
"181","ID_99","ID_23","ID_114","ID_142","ID_136","0_ID_NA","ID_9"
"182","0_ID_NA","ID_55","ID_80","ID_54","ID_19","ID_42","ID_100"
"183","ID_45","ID_114","ID_129","ID_115","ID_99","ID_51","ID_67"
"184","ID_42","ID_100","ID_67","ID_19","ID_64","ID_70","ID_78"
"185","ID_19","ID_42","ID_64","ID_2","ID_80","ID_72","ID_21"
"186","ID_55","ID_54","ID_78","ID_19","ID_80","ID_64","ID_42"
"187","ID_80","ID_64","ID_72","ID_2","ID_78","ID_19","ID_130"
"188","ID_54","ID_55","ID_70","ID_78","ID_66","ID_42","ID_100"
"189","ID_44","ID_50","ID_140","ID_76","ID_117","ID_58","ID_84"
"190","ID_91","ID_111","ID_145","ID_48","ID_43","ID_25","ID_144"
"191","ID_130","ID_84","ID_104","ID_24","ID_142","ID_91","ID_88"
"192","ID_131","ID_90","ID_65","ID_143","ID_83","ID_72","0_ID_NA"
"193","ID_88","ID_87","ID_39","ID_73","ID_63","ID_128","0_ID_NA"
"194","ID_26","ID_85","ID_147","ID_81","ID_37","ID_123","ID_92"
"195","ID_90","ID_143","ID_71","ID_131","ID_65","0_ID_NA","0_ID_NA"
"196","ID_85","ID_26","ID_37","ID_92","ID_81","ID_86","0_ID_NA"
"197","ID_8","ID_89","ID_76","ID_84","ID_52","ID_137","ID_141"
"198","ID_63","ID_85","ID_84","ID_26","ID_148","ID_37","0_ID_NA"
"199","ID_81","ID_85","ID_37","ID_86","ID_26","ID_92","0_ID_NA"
"200","ID_4","ID_31","ID_86","ID_118","ID_24","ID_28","ID_20"
"201","ID_53","ID_36","ID_48","ID_52","ID_58","ID_117","ID_81"
"202","ID_52","ID_48","ID_140","ID_117","ID_36","ID_53","ID_58"
"203","ID_122","ID_139","ID_119","ID_112","ID_121","ID_18","ID_13"
"204","ID_132","ID_109","ID_123","ID_48","ID_83","ID_1","ID_32"
"205","ID_13","ID_119","ID_122","ID_18","ID_138","ID_121","ID_94"
"206","ID_133","ID_44","ID_140","ID_117","ID_33","ID_56","ID_109"
"207","ID_115","ID_114","ID_99","ID_51","ID_7","ID_98","ID_129"
"208","ID_118","ID_134","ID_116","ID_102","ID_9","ID_124","ID_98"
"209","ID_47","ID_61","ID_56","ID_148","ID_103","ID_10","ID_53"
"210","ID_119","ID_13","ID_121","ID_94","ID_20","ID_122","ID_31"
"211","ID_4","ID_47","ID_133","ID_76","ID_56","ID_13","ID_117"
"212","ID_134","ID_98","ID_9","ID_116","ID_118","ID_112","ID_138"
"213","ID_69","ID_113","ID_135","ID_106","ID_125","ID_104","ID_5"
"214","ID_117","ID_52","ID_48","ID_53","ID_114","ID_36","ID_44"
"215","ID_3","ID_120","ID_66","ID_110","ID_114","ID_16","0_ID_NA"
"216","ID_116","ID_98","ID_9","ID_134","ID_115","ID_118","ID_124"
"217","ID_56","ID_52","ID_76","ID_133","ID_117","ID_47","ID_140"
"218","ID_98","ID_134","ID_116","ID_9","ID_129","ID_118","ID_69"
"219","ID_9","ID_116","ID_134","ID_112","ID_118","ID_98","ID_93"
"220","ID_16","ID_110","ID_66","ID_3","ID_114","ID_120","0_ID_NA"
"221","ID_114","ID_115","ID_51","ID_16","ID_126","ID_99","ID_52"
"222","ID_110","ID_16","ID_66","ID_3","ID_43","ID_120","0_ID_NA"
"223","ID_109","ID_83","ID_111","ID_132","ID_32","ID_144","ID_48"
"224","ID_121","ID_119","ID_13","ID_18","ID_56","ID_122","0_ID_NA"
"225","ID_48","ID_1","ID_123","ID_111","ID_144","ID_83","ID_109"
"226","ID_18","ID_121","ID_119","ID_13","ID_122","0_ID_NA","0_ID_NA"
"227","ID_113","ID_5","ID_125","ID_104","ID_74","ID_91","ID_42"
"228","0_ID_NA","ID_111","ID_109","ID_7","ID_123","ID_93","ID_102"
"229","ID_123","ID_111","ID_48","ID_132","ID_7","ID_93","ID_95"
"230","ID_135","ID_106","ID_132","ID_78","ID_102","ID_57","ID_116"
"231","ID_60","ID_93","ID_95","ID_57","ID_73","ID_102","ID_101"
"232","ID_124","ID_102","ID_93","ID_101","ID_116","ID_118","ID_24"
"233","ID_102","ID_101","ID_87","ID_73","ID_93","ID_69","ID_124"
"234","ID_106","ID_135","ID_95","ID_123","ID_101","ID_104","ID_93"
"235","ID_101","ID_102","ID_123","ID_73","ID_24","ID_124","ID_87"
"236","ID_68","ID_97","ID_103","ID_34","ID_62","ID_61","ID_105"
"237","ID_93","ID_67","ID_102","ID_95","ID_142","ID_96","ID_123"
"238","ID_104","ID_125","ID_106","ID_113","ID_5","ID_93","ID_60"
"239","ID_58","ID_44","ID_150","ID_140","ID_137","ID_69","ID_76"
"240","ID_107","ID_75","ID_108","ID_95","ID_74","ID_60","ID_57"
"241","ID_96","ID_93","ID_22","ID_95","ID_142","ID_123","ID_67"
"242","ID_95","ID_142","ID_43","ID_93","ID_126","ID_96","ID_40"
"243","ID_69","ID_95","ID_137","ID_102","ID_150","ID_58","ID_12"
"244","ID_114","ID_48","ID_123","ID_149","ID_132","ID_109","ID_144"
"245","ID_74","ID_57","ID_96","ID_125","ID_104","ID_123","ID_135"
"246","0_ID_NA","ID_137","ID_36","ID_58","ID_52","ID_76","ID_89"
"247","ID_136","ID_107","ID_60","ID_19","ID_78","ID_115","ID_125"
"248","ID_94","ID_105","ID_17","ID_97","ID_15","ID_138","ID_13"
"249","ID_125","ID_104","ID_113","ID_5","ID_93","ID_75","ID_132"
"250","ID_97","ID_103","ID_10","ID_34","ID_61","ID_68","ID_148"
"251","ID_105","ID_103","ID_20","ID_62","ID_68","ID_94","ID_97"
"252","ID_73","ID_88","ID_101","ID_128","ID_102","ID_39","ID_87"
"253","ID_137","ID_150","ID_58","ID_76","ID_52","ID_36","ID_84"
"254","ID_61","ID_97","ID_35","ID_47","ID_68","ID_10","ID_137"
"255","ID_57","ID_108","ID_7","ID_132","ID_95","ID_101","ID_135"
"256","ID_108","ID_118","ID_101","ID_57","ID_64","ID_88","0_ID_NA"
"257","ID_111","ID_109","ID_149","ID_83","ID_32","ID_150","ID_52"
"258","ID_118","ID_102","ID_134","ID_124","ID_87","ID_9","ID_98"
"259","ID_134","ID_98","ID_139","ID_112","ID_74","ID_116","ID_9"
"260","ID_53","ID_36","ID_117","ID_58","ID_52","ID_140","ID_43"
"261","ID_109","ID_111","ID_32","ID_83","ID_144","ID_149","ID_52"
"262","ID_9","ID_134","ID_116","ID_112","ID_123","ID_98","ID_138"
"263","ID_133","ID_44","ID_21","ID_56","ID_33","ID_140","ID_151"
"264","ID_110","ID_66","ID_16","ID_120","ID_115","ID_3","ID_114"
"265","ID_3","ID_66","ID_16","ID_120","ID_114","ID_110","ID_115"
"266","ID_16","ID_110","ID_120","ID_3","ID_114","ID_66","ID_115"
"267","ID_114","ID_99","ID_16","ID_115","ID_110","ID_51","ID_117"
"268","ID_115","ID_114","ID_99","ID_129","ID_45","ID_124","ID_110"
"269","ID_119","ID_13","ID_121","ID_94","ID_122","ID_20","ID_31"
"270","ID_13","ID_119","ID_18","ID_94","ID_121","ID_122","ID_138"
"271","ID_121","ID_119","ID_13","ID_122","ID_18","ID_31","ID_20"
"272","ID_120","ID_3","ID_40","ID_110","ID_114","ID_16","ID_115"
"273","ID_18","ID_119","ID_122","ID_13","ID_121","0_ID_NA","0_ID_NA"
"274","ID_122","ID_112","ID_139","ID_119","ID_18","ID_13","ID_134"
"275","ID_138","ID_119","ID_13","ID_47","ID_122","ID_56","ID_134"
"276","ID_116","ID_98","ID_112","ID_134","ID_9","ID_113","ID_118"
"277","ID_4","ID_61","ID_56","ID_47","ID_138","ID_10","ID_103"
"278","ID_98","ID_116","ID_134","ID_112","ID_129","ID_9","ID_74"
"279","ID_69","ID_135","ID_113","ID_106","ID_98","ID_104","ID_134"
"280","ID_113","ID_125","ID_5","ID_104","ID_93","ID_116","ID_42"
"281","ID_39","ID_87","ID_63","ID_73","ID_128","ID_88","ID_42"
"282","ID_27","ID_27","ID_31","ID_20","ID_15","ID_35","ID_127"
"283","ID_20","ID_31","ID_15","ID_17","ID_127","ID_27","ID_35"
"284","ID_10","ID_61","ID_47","ID_33","ID_34","ID_35","ID_127"
"285","ID_15","ID_20","ID_31","ID_27","ID_17","ID_127","ID_34"
"286","ID_31","ID_27","ID_15","ID_35","ID_20","ID_127","ID_148"
"287","ID_128","ID_39","ID_73","ID_87","ID_88","ID_63","ID_102"
"288","ID_28","ID_78","ID_35","ID_17","ID_42","ID_100","ID_127"
"289","ID_14","ID_7","ID_126","ID_46","ID_40","ID_22","ID_142"
"290","ID_113","ID_125","ID_5","ID_104","ID_93","ID_116","ID_42"
"291","ID_139","ID_138","ID_133","ID_122","0_ID_NA","0_ID_NA","0_ID_NA"
"292","ID_117","ID_53","ID_36","ID_52","ID_33","ID_44","ID_140"
"293","ID_47","ID_4","ID_97","ID_61","ID_103","ID_10","ID_56"
"294","ID_112","ID_116","ID_134","ID_139","ID_98","ID_9","ID_120"
"295","ID_51","ID_45","ID_42","ID_80","ID_64","ID_66","ID_129"
"296","ID_129","ID_99","ID_98","ID_114","ID_45","ID_115","ID_42"
"297","ID_19","ID_64","ID_130","ID_2","ID_80","ID_72","ID_70"
"298","ID_70","ID_19","ID_64","ID_80","ID_2","ID_72","ID_130"
"299","ID_59","ID_140","ID_1","ID_49","ID_151","ID_44","ID_50"
"300","ID_41","ID_63","ID_1","ID_50","ID_8","ID_79","ID_44"
"301","ID_140","ID_36","ID_49","ID_44","ID_151","ID_58","ID_53"
"302","ID_64","ID_2","ID_19","ID_80","ID_78","ID_72","ID_70"
"303","ID_63","ID_79","ID_39","ID_8","ID_128","ID_1","ID_73"
"304","ID_99","ID_114","ID_129","ID_115","ID_43","ID_16","ID_40"
"305","ID_82","ID_59","ID_41","ID_44","ID_8","ID_140","ID_49"
"306","ID_67","ID_96","ID_102","ID_91","ID_93","ID_124","ID_66"
"307","ID_44","ID_58","ID_56","ID_140","ID_50","ID_117","ID_151"
"308","ID_65","ID_90","ID_131","ID_143","0_ID_NA","0_ID_NA","0_ID_NA"
"309","ID_8","ID_79","ID_63","ID_41","ID_1","ID_77","ID_59"
"310","ID_50","ID_59","ID_1","ID_140","ID_151","ID_49","ID_44"
"311","ID_66","ID_3","ID_16","ID_120","ID_67","ID_110","ID_42"
"312","ID_42","ID_78","ID_66","ID_100","ID_19","ID_67","ID_54"
"313","ID_1","ID_8","ID_41","ID_63","ID_79","ID_50","ID_17"
"314","ID_55","ID_78","ID_42","ID_54","ID_100","ID_17","ID_77"
"315","ID_54","ID_55","ID_78","ID_42","ID_100","ID_17","ID_77"
"316","ID_80","ID_64","ID_72","ID_19","ID_130","ID_2","ID_70"
"317","ID_100","ID_42","ID_19","ID_78","ID_70","ID_66","ID_73"
"318","ID_45","ID_51","ID_99","ID_114","ID_67","ID_115","ID_129"
"319","ID_78","ID_54","ID_55","ID_100","ID_17","ID_42","ID_57"
"320","ID_77","ID_100","ID_54","ID_42","ID_55","ID_78","ID_1"
"321","ID_49","ID_151","ID_50","ID_59","ID_44","ID_140","ID_58"
"322","ID_79","ID_8","ID_59","ID_63","ID_41","ID_1","ID_78"
"323","ID_37","ID_44","ID_140","ID_49","ID_50","ID_59","ID_58"
"324","ID_132","ID_7","ID_135","ID_123","ID_95","ID_60","ID_102"
"325","ID_103","ID_34","ID_68","ID_97","ID_62","ID_10","ID_35"
"326","ID_97","ID_103","ID_68","ID_34","ID_62","ID_10","ID_127"
"327","ID_94","ID_119","ID_62","ID_105","ID_97","ID_103","ID_20"
"328","ID_68","ID_103","ID_97","ID_34","ID_61","ID_62","ID_10"
"329","ID_106","ID_104","ID_135","ID_124","ID_134","ID_125","ID_98"
"330","ID_104","ID_125","ID_106","ID_5","ID_113","ID_69","ID_93"
"331","ID_123","ID_95","ID_7","ID_144","ID_96","ID_51","ID_43"
"332","ID_93","ID_67","ID_60","ID_102","ID_124","ID_118","ID_95"
"333","ID_125","ID_104","ID_5","ID_106","ID_113","ID_93","ID_124"
"334","ID_95","ID_126","ID_40","ID_7","ID_43","ID_123","ID_69"
"335","ID_96","ID_69","ID_67","ID_142","ID_74","ID_123","ID_22"
"336","0_ID_NA","ID_124","ID_102","ID_132","ID_135","ID_93","ID_69"
"337","ID_102","ID_60","ID_118","ID_93","ID_67","ID_124","ID_73"
"338","ID_135","ID_7","ID_88","ID_132","ID_60","ID_95","ID_123"
"339","ID_7","ID_135","ID_95","ID_48","ID_132","ID_149","ID_109"
"340","ID_62","ID_103","ID_105","ID_97","ID_68","ID_94","ID_61"
"341","ID_107","ID_78","ID_17","ID_54","ID_77","ID_55","ID_75"
"342","ID_69","ID_96","ID_95","ID_93","ID_124","ID_60","ID_58"
"343","ID_75","ID_78","ID_19","ID_115","ID_125","ID_107","ID_5"
"344","ID_101","ID_73","ID_108","ID_124","ID_60","ID_102","ID_87"
"345","ID_57","ID_108","ID_93","ID_124","ID_69","ID_101","ID_95"
"346","ID_124","ID_101","ID_69","ID_57","ID_67","ID_102","ID_73"
"347","ID_105","ID_62","ID_103","ID_94","ID_20","ID_97","ID_68"
"348","ID_73","ID_39","ID_87","ID_128","ID_63","ID_88","ID_101"
"349","ID_32","ID_111","ID_23","ID_142","ID_109","ID_22","ID_145"
"350","ID_4","ID_149","ID_117","ID_132","ID_17","ID_20","ID_90"
"351","ID_85","ID_26","ID_81","ID_92","ID_86","ID_37","ID_50"
"352","ID_131","ID_90","ID_72","ID_143","ID_83","ID_65","0_ID_NA"
"353","ID_92","ID_26","ID_37","ID_85","ID_81","ID_86","ID_50"
"354","ID_81","ID_26","ID_37","ID_92","ID_86","ID_85","ID_127"
"355","ID_130","ID_84","ID_80","ID_64","ID_55","ID_15","ID_108"
"356","ID_37","ID_26","ID_92","ID_81","ID_86","ID_85","ID_76"
"357","ID_141","ID_145","ID_67","ID_111","ID_43","ID_113","ID_48"
"358","ID_142","ID_22","ID_23","ID_88","ID_93","ID_32","ID_95"
"359","ID_83","ID_84","ID_149","ID_111","ID_145","ID_144","0_ID_NA"
"360","ID_84","ID_83","ID_130","ID_25","ID_144","ID_145","ID_135"
"361","ID_141","ID_84","ID_76","ID_52","ID_89","ID_36","ID_140"
"362","ID_143","ID_90","ID_71","ID_131","ID_65","0_ID_NA","0_ID_NA"
"363","ID_90","ID_65","ID_71","ID_131","ID_143","0_ID_NA","0_ID_NA"
"364","ID_87","ID_88","ID_63","ID_73","ID_39","ID_128","ID_102"
"365","ID_88","ID_87","ID_39","ID_73","ID_63","ID_128","ID_102"
"366","ID_63","ID_84","ID_37","ID_148","ID_141","ID_85","ID_89"
"367","ID_23","ID_32","ID_24","ID_142","ID_25","ID_95","ID_93"
"368","ID_144","ID_145","ID_43","ID_109","ID_6","ID_83","ID_1"
"369","0_ID_NA","ID_141","ID_89","ID_52","ID_76","ID_36","ID_140"
"370","ID_26","ID_37","ID_81","ID_92","ID_123","ID_85","ID_86"
"371","ID_145","ID_144","ID_6","ID_109","ID_43","ID_83","ID_32"
"372","ID_24","ID_22","ID_88","ID_142","ID_25","ID_23","ID_145"
"373","ID_146","ID_76","ID_26","ID_97","ID_141","ID_92","ID_84"
"374","ID_76","ID_84","ID_52","ID_36","ID_141","ID_76","ID_146"
"375","ID_25","ID_111","ID_32","ID_142","ID_145","ID_23","ID_45"
"376","ID_72","ID_2","ID_19","ID_80","ID_130","ID_64","ID_21"
"377","ID_11","ID_21","ID_104","ID_69","ID_125","ID_54","ID_55"
"378","ID_2","ID_72","ID_80","ID_19","ID_130","ID_64","ID_21"
"379","ID_126","ID_7","ID_46","ID_40","ID_14","ID_43","ID_149"
"380","ID_21","ID_11","ID_104","ID_19","ID_72","ID_2","ID_5"
"381","ID_38","ID_149","ID_36","ID_43","ID_12","ID_83","ID_126"
"382","ID_36","ID_1","0_ID_NA","ID_76","ID_52","ID_141","ID_43"
"383","0_ID_NA","ID_43","ID_83","ID_36","ID_76","ID_111","0_ID_NA"
"384","ID_34","ID_103","ID_97","ID_68","ID_33","ID_10","ID_61"
"385","ID_33","ID_36","ID_140","ID_34","ID_117","ID_84","ID_44"
"386","ID_30","ID_35","ID_15","ID_27","ID_31","ID_33","ID_34"
"387","ID_7","ID_126","ID_46","ID_43","ID_14","ID_40","ID_149"
"388","ID_5","ID_113","ID_2","ID_125","ID_93","ID_104","ID_21"
"389","ID_58","ID_40","ID_149","ID_38","ID_7","ID_95","ID_69"
"390","ID_43","ID_46","ID_149","ID_40","ID_7","ID_126","ID_38"
"391","ID_46","ID_43","ID_126","ID_7","ID_149","ID_40","ID_38"
"392","ID_35","ID_127","ID_31","ID_28","ID_34","ID_17","ID_15"
"393","ID_71","ID_90","ID_15","ID_131","ID_31","ID_152","ID_21"
"394","ID_17","ID_78","ID_31","ID_20","ID_35","ID_28","ID_27"
"395","ID_40","ID_12","ID_149","ID_43","0_ID_NA","ID_46","ID_126"
"396","ID_22","ID_142","ID_24","ID_14","ID_12","ID_95","ID_23"
"397","0_ID_NA","0_ID_NA","ID_118","ID_18","0_ID_NA","0_ID_NA","ID_45"
"398","ID_13","ID_119","ID_122","ID_18","ID_138","ID_121","ID_94"
"399","ID_111","ID_109","ID_48","0_ID_NA","ID_52","ID_36","ID_1"
"400","ID_138","ID_56","0_ID_NA","ID_133","ID_18","ID_44","ID_105"
"401","ID_122","ID_139","ID_119","ID_18","ID_112","ID_13","ID_121"
"402","ID_117","ID_52","ID_140","ID_53","ID_44","ID_58","ID_33"
"403","0_ID_NA","ID_44","ID_111","ID_140","ID_56","ID_58","ID_151"
"404","ID_109","ID_111","ID_83","ID_48","ID_144","ID_7","0_ID_NA"
"405","ID_31","ID_112","ID_113","ID_98","ID_134","ID_118","ID_122"
"406","ID_4","ID_76","ID_13","ID_47","ID_117","ID_138","ID_139"
"407","ID_47","ID_4","ID_61","ID_138","ID_34","ID_10","ID_103"
"408","ID_120","ID_3","ID_110","ID_112","ID_114","ID_115","ID_134"
"409","ID_112","ID_116","ID_134","ID_98","ID_70","ID_139","ID_113"
"410","ID_113","ID_5","ID_125","ID_104","ID_118","ID_116","ID_42"
"411","ID_116","ID_112","ID_134","ID_70","ID_104","ID_98","ID_113"
"412","ID_18","ID_122","ID_121","ID_13","ID_94","ID_119","ID_20"
"413","ID_48","ID_144","0_ID_NA","ID_149","ID_7","ID_109","ID_111"
"414","ID_119","ID_13","ID_121","ID_122","ID_18","ID_94","ID_20"
"415","ID_121","ID_119","ID_13","ID_122","ID_31","ID_20","ID_18"
"416","ID_56","ID_117","ID_58","ID_52","ID_138","ID_53","ID_44"
"417","ID_114","ID_115","ID_99","ID_16","ID_145","ID_126","ID_3"
"418","ID_134","ID_98","ID_116","ID_112","ID_139","ID_118","ID_74"
"419","ID_9","ID_100","ID_116","ID_42","ID_118","ID_98","ID_107"
"420","ID_118","ID_102","ID_124","ID_132","ID_98","ID_134","ID_9"
"421","ID_69","ID_106","ID_113","ID_104","ID_98","ID_125","ID_134"
"422","ID_16","ID_66","ID_120","ID_3","ID_114","ID_110","ID_115"
"423","ID_115","ID_114","ID_112","ID_145","ID_147","ID_16","ID_116"
"424","ID_3","ID_120","ID_66","ID_110","ID_114","ID_16","ID_115"
"425","ID_98","ID_134","ID_112","ID_116","ID_70","ID_118","ID_100"
"426","ID_110","ID_120","ID_16","ID_3","ID_115","ID_66","ID_114"
"427","ID_52","ID_53","ID_44","ID_56","ID_58","ID_117","ID_140"
"428","ID_53","ID_140","ID_117","ID_43","ID_58","ID_52","ID_36"
"429","ID_92","ID_26","ID_86","ID_37","ID_85","ID_81","ID_148"
"430","0_ID_NA","ID_84","ID_91","ID_1","ID_32","ID_111","ID_109"
"431","ID_143","ID_90","ID_131","ID_65","0_ID_NA","0_ID_NA","0_ID_NA"
"432","ID_84","ID_130","ID_144","ID_32","ID_83","ID_25","ID_88"
"433","ID_32","ID_109","ID_23","ID_142","ID_111","ID_145","ID_144"
"434","ID_131","ID_90","ID_72","ID_65","ID_83","ID_143","ID_75"
"435","ID_90","ID_143","ID_71","ID_131","ID_65","0_ID_NA","0_ID_NA"
"436","ID_142","ID_96","ID_23","ID_93","ID_24","ID_32","ID_14"
"437","ID_81","ID_26","ID_85","ID_37","ID_86","ID_92","0_ID_NA"
"438","ID_144","ID_83","ID_48","ID_149","ID_84","ID_109","ID_6"
"439","0_ID_NA","ID_76","ID_36","ID_84","ID_52","ID_89","ID_28"
"440","ID_147","ID_148","ID_27","ID_85","ID_37","ID_81","ID_26"
"441","ID_25","ID_111","ID_142","ID_32","ID_145","ID_23","ID_24"
"442","ID_85","ID_86","ID_37","ID_92","ID_81","ID_26","0_ID_NA"
"443","ID_148","ID_86","ID_138","ID_31","ID_17","ID_20","ID_30"
"444","ID_89","ID_84","ID_52","ID_141","ID_137","ID_36","ID_76"
"445","ID_37","ID_92","ID_26","ID_81","ID_86","ID_89","ID_85"
"446","ID_145","ID_114","ID_45","ID_99","ID_6","ID_115","ID_43"
"447","ID_23","ID_24","ID_142","ID_25","ID_101","ID_95","ID_93"
"448","ID_84","ID_36","ID_141","ID_52","ID_89","ID_76","ID_137"
"449","ID_87","ID_88","ID_128","ID_73","ID_39","ID_63","ID_102"
"450","ID_88","ID_87","ID_128","ID_73","ID_63","ID_39","ID_101"
"451","ID_24","ID_23","ID_88","ID_142","ID_145","ID_102","ID_32"
"452","ID_130","ID_84","ID_108","ID_104","ID_116","ID_55","ID_24"
"453","ID_26","ID_37","ID_81","ID_92","ID_123","ID_85","ID_86"
"454","ID_141","ID_36","ID_84","ID_52","ID_76","ID_89","ID_137"
"455","ID_91","ID_67","ID_83","ID_145","ID_142","ID_130","ID_12"
"456","ID_95","ID_60","ID_69","ID_126","ID_102","ID_124","ID_57"
"457","ID_60","ID_95","ID_132","ID_124","ID_69","ID_102","ID_96"
"458","ID_108","ID_124","ID_106","ID_101","ID_93","ID_57","ID_123"
"459","ID_132","ID_135","ID_123","ID_93","ID_102","ID_118","ID_60"
"460","ID_137","ID_52","ID_36","ID_84","ID_89","ID_58","ID_146"
"461","ID_104","ID_125","ID_116","ID_74","ID_5","ID_113","ID_106"
"462","ID_124","ID_95","ID_96","ID_93","ID_24","ID_102","ID_60"
"463","0_ID_NA","ID_76","ID_58","ID_89","ID_36","ID_140","ID_44"
"464","ID_96","ID_124","ID_93","ID_142","ID_22","ID_74","ID_73"
"465","0_ID_NA","ID_97","ID_10","ID_47","ID_33","ID_103","ID_36"
"466","ID_97","ID_62","ID_103","ID_68","ID_34","ID_105","ID_10"
"467","ID_68","ID_103","ID_97","ID_34","ID_62","ID_10","ID_61"
"468","ID_101","ID_124","ID_108","ID_73","ID_93","ID_102","ID_60"
"469","ID_102","ID_93","ID_132","ID_22","ID_60","ID_96","ID_95"
"470","ID_107","ID_57","ID_28","ID_108","ID_17","ID_78","ID_20"
"471","ID_103","ID_34","ID_97","ID_68","ID_62","ID_10","ID_105"
"472","ID_94","ID_103","ID_105","ID_97","ID_62","ID_119","ID_20"
"473","ID_105","ID_103","ID_94","ID_62","ID_20","ID_119","ID_68"
"474","ID_74","ID_67","ID_96","ID_63","ID_104","ID_73","ID_88"
"475","ID_73","ID_128","ID_87","ID_39","ID_135","ID_88","ID_101"
"476","ID_106","ID_108","ID_93","ID_57","ID_95","ID_123","ID_104"
"477","ID_62","ID_103","ID_97","ID_68","ID_105","ID_94","ID_47"
"478","ID_123","ID_75","ID_48","ID_132","ID_95","ID_45","ID_126"
"479","ID_57","ID_107","ID_93","ID_78","ID_108","ID_69","ID_55"
"480","ID_75","ID_123","ID_125","ID_107","ID_131","ID_19","ID_65"
"481","ID_135","ID_132","ID_123","ID_73","ID_60","ID_102","ID_93"
"482","ID_69","ID_95","ID_60","ID_124","ID_102","ID_58","ID_73"
"483","ID_93","ID_102","ID_6","ID_96","ID_95","ID_142","ID_135"
